frame,lat,lon,alt_m,heading_deg,tilt_deg,fov_vertical_deg
0,43.3003775,-3.0071378,649.1,312.87,56.00,23.14
3,43.3003775,-3.0071378,649.1,312.87,56.00,23.14
6,43.3003775,-3.0071378,649.1,312.87,56.00,23.14
9,43.3003775,-3.0071378,649.1,312.87,56.00,23.14
12,43.3003775,-3.0071378,649.1,312.87,56.00,23.14
15,43.3003775,-3.0071378,649.1,312.87,56.00,23.14
18,43.3003775,-3.0071378,649.1,312.87,56.00,23.14
21,43.3003775,-3.0071378,649.1,312.87,56.00,23.14
24,43.3003775,-3.0071378,649.1,312.87,56.00,23.14
27,43.3003775,-3.0071378,649.1,312.87,56.00,23.14
30,43.3003775,-3.0071378,649.1,312.87,56.00,23.14
33,43.3003775,-3.0071378,649.1,312.87,56.00,23.14
36,43.3003775,-3.0071378,649.1,312.87,56.00,23.14
39,43.3003775,-3.0071378,649.1,312.87,56.00,23.14
42,43.3003775,-3.0071378,649.1,312.87,56.00,23.14
45,43.3003775,-3.0071378,649.1,312.87,56.00,23.14
48,43.3003775,-3.0071378,649.1,312.87,56.00,23.14
51,43.3003775,-3.0071378,649.1,312.87,56.00,23.14
54,43.3003775,-3.0071378,649.1,312.87,56.00,23.14
57,43.3003775,-3.0071378,649.1,312.87,56.00,23.14
60,43.3003775,-3.0071378,649.1,312.87,56.00,23.14
63,43.3003775,-3.0071378,649.1,312.87,56.00,23.14
66,43.3003775,-3.0071378,649.1,312.87,56.00,23.14
69,43.3003775,-3.0071378,649.1,312.87,56.00,23.14
72,43.3003775,-3.0071378,649.1,312.87,56.00,23.14
75,43.3003775,-3.0071378,649.1,312.87,56.00,23.14
78,43.3003775,-3.0071378,649.1,312.87,56.00,23.14
81,43.3003775,-3.0071378,649.1,312.87,56.00,23.14
84,43.3003775,-3.0071378,649.1,312.87,56.00,23.14
87,43.3003775,-3.0071378,649.1,312.87,56.00,23.14
90,43.3003775,-3.0071378,649.1,312.87,56.00,23.14
93,43.3003852,-3.0071603,647.1,312.90,56.03,23.14
96,43.3004075,-3.0072257,641.1,313.01,56.12,23.15
99,43.3004432,-3.0073305,631.7,313.19,56.27,23.16
102,43.3004910,-3.0074711,619.1,313.43,56.47,23.17
105,43.3005496,-3.0076434,603.7,313.74,56.72,23.18
108,43.3006179,-3.0078432,586.1,314.11,57.01,23.20
111,43.3006945,-3.0080665,566.6,314.53,57.35,23.23
114,43.3007783,-3.0083089,545.7,315.01,57.72,23.25
117,43.3008681,-3.0085666,523.8,315.55,58.13,23.28
120,43.3009627,-3.0088357,501.2,316.13,58.56,23.32
123,43.3010611,-3.0091126,478.3,316.76,59.02,23.36
126,43.3011620,-3.0093939,455.4,317.43,59.50,23.40
129,43.3012645,-3.0096767,432.7,318.14,60.00,23.45
132,43.3013675,-3.0099583,410.6,318.90,60.52,23.50
135,43.3014701,-3.0102362,389.1,319.68,61.04,23.55
138,43.3015713,-3.0105083,368.5,320.50,61.57,23.61
141,43.3016702,-3.0107731,348.8,321.35,62.10,23.68
144,43.3017660,-3.0110289,330.2,322.22,62.64,23.75
147,43.3018577,-3.0112746,312.8,323.12,63.16,23.82
150,43.3019447,-3.0115093,296.5,324.04,63.68,23.90
153,43.3020262,-3.0117323,281.5,324.98,64.18,23.98
156,43.3021015,-3.0119431,267.7,325.94,64.67,24.07
159,43.3021698,-3.0121414,255.1,326.90,65.14,24.17
162,43.3022305,-3.0123270,243.9,327.88,65.58,24.26
165,43.3022828,-3.0125000,233.8,328.87,66.00,24.37
168,43.3023384,-3.0126706,224.4,329.93,66.41,24.48
171,43.3024089,-3.0128464,214.8,331.12,66.83,24.62
174,43.3024933,-3.0130229,205.5,332.42,67.26,24.76
177,43.3025905,-3.0131963,196.4,333.82,67.70,24.92
180,43.3026992,-3.0133632,187.7,335.28,68.14,25.09
183,43.3028183,-3.0135207,179.4,336.79,68.58,25.26
186,43.3029460,-3.0136663,171.8,338.32,69.02,25.45
189,43.3030810,-3.0137980,164.8,339.86,69.45,25.63
192,43.3032215,-3.0139142,158.5,341.37,69.87,25.82
195,43.3033657,-3.0140136,153.0,342.85,70.28,26.00
198,43.3035118,-3.0140954,148.3,344.27,70.67,26.19
201,43.3036578,-3.0141586,144.6,345.60,71.04,26.37
204,43.3038016,-3.0142028,141.6,346.82,71.39,26.54
207,43.3039411,-3.0142271,139.6,347.92,71.71,26.71
210,43.3040741,-3.0142309,138.6,348.87,72.00,26.86
213,43.3042097,-3.0142189,138.3,349.71,72.26,27.01
216,43.3043579,-3.0141966,138.2,350.49,72.50,27.17
219,43.3045177,-3.0141646,138.1,351.23,72.73,27.33
222,43.3046877,-3.0141235,138.1,351.92,72.93,27.50
225,43.3048667,-3.0140738,137.8,352.55,73.11,27.67
228,43.3050537,-3.0140161,137.9,353.14,73.28,27.83
231,43.3052474,-3.0139510,138.6,353.68,73.44,28.00
234,43.3054466,-3.0138791,139.9,354.18,73.58,28.17
237,43.3056502,-3.0138010,141.6,354.63,73.72,28.33
240,43.3058570,-3.0137171,143.8,355.03,73.84,28.49
243,43.3060660,-3.0136283,146.2,355.39,73.96,28.64
246,43.3062759,-3.0135349,148.4,355.71,74.08,28.78
249,43.3064857,-3.0134376,151.2,355.99,74.19,28.91
252,43.3066942,-3.0133370,154.5,356.23,74.29,29.03
255,43.3069003,-3.0132335,158.1,356.43,74.40,29.13
258,43.3071029,-3.0131279,161.8,356.59,74.51,29.22
261,43.3073008,-3.0130206,165.5,356.71,74.62,29.30
264,43.3074930,-3.0129123,168.6,356.80,74.74,29.35
267,43.3076784,-3.0128033,170.7,356.85,74.87,29.38
270,43.3078557,-3.0126944,172.2,356.87,75.00,29.39
273,43.3080269,-3.0125569,173.0,356.55,75.14,29.39
276,43.3081953,-3.0123649,173.2,355.63,75.27,29.39
279,43.3083630,-3.0121230,173.6,354.19,75.40,29.39
282,43.3085329,-3.0118358,174.5,352.30,75.53,29.39
285,43.3087082,-3.0115087,174.8,350.01,75.65,29.39
288,43.3088918,-3.0111470,173.9,347.41,75.78,29.39
291,43.3090868,-3.0107572,171.3,344.55,75.90,29.39
294,43.3092953,-3.0103461,167.7,341.52,76.02,29.39
297,43.3095185,-3.0099209,163.7,338.37,76.14,29.39
300,43.3097569,-3.0094893,159.1,335.17,76.26,29.39
303,43.3100095,-3.0090592,153.9,331.99,76.39,29.39
306,43.3102742,-3.0086382,149.2,328.91,76.51,29.39
309,43.3105477,-3.0082337,144.7,325.99,76.63,29.39
312,43.3108257,-3.0078525,140.7,323.29,76.75,29.39
315,43.3111028,-3.0075010,136.7,320.90,76.87,29.39
318,43.3113733,-3.0071847,133.2,318.87,77.00,29.39
321,43.3116408,-3.0068870,130.5,317.03,77.13,29.39
324,43.3119132,-3.0065891,127.6,315.19,77.28,29.39
327,43.3121899,-3.0062929,123.0,313.37,77.44,29.39
330,43.3124701,-3.0060005,117.6,311.57,77.60,29.39
333,43.3127531,-3.0057139,115.6,309.82,77.77,29.39
336,43.3130376,-3.0054350,115.0,308.14,77.94,29.39
339,43.3133224,-3.0051657,114.4,306.54,78.11,29.39
342,43.3136060,-3.0049077,113.8,305.05,78.27,29.39
345,43.3138867,-3.0046626,113.2,303.67,78.43,29.39
348,43.3141629,-3.0044321,112.6,302.43,78.57,29.39
351,43.3144327,-3.0042175,112.1,301.35,78.70,29.39
354,43.3146945,-3.0040203,111.6,300.44,78.81,29.39
357,43.3149463,-3.0038418,111.2,299.72,78.89,29.39
360,43.3151864,-3.0036836,110.9,299.21,78.96,29.39
363,43.3154134,-3.0035471,110.7,298.92,78.99,29.39
366,43.3156250,-3.0034349,110.7,298.89,79.00,29.39
369,43.3158097,-3.0033600,111.0,299.29,78.95,29.39
372,43.3159678,-3.0033230,111.6,300.12,78.85,29.39
375,43.3161041,-3.0033202,112.4,301.33,78.70,29.39
378,43.3162236,-3.0033482,113.5,302.85,78.52,29.39
381,43.3163316,-3.0034033,114.7,304.65,78.31,29.39
384,43.3164330,-3.0034817,116.0,306.66,78.07,29.39
387,43.3165324,-3.0035790,117.4,308.82,77.81,29.39
390,43.3166337,-3.0036903,119.0,311.09,77.54,29.39
393,43.3167404,-3.0038103,121.4,313.41,77.27,29.39
396,43.3168551,-3.0039333,123.5,315.73,77.01,29.39
399,43.3169794,-3.0040532,124.8,317.98,76.75,29.39
402,43.3171146,-3.0041638,125.9,320.13,76.51,29.39
405,43.3172609,-3.0042588,127.0,322.10,76.29,29.39
408,43.3174181,-3.0043319,128.0,323.85,76.10,29.39
411,43.3175854,-3.0043789,128.9,325.34,75.95,29.39
414,43.3177565,-3.0044221,129.7,326.80,75.82,29.39
417,43.3179298,-3.0044684,130.3,328.28,75.70,29.39
420,43.3181058,-3.0045168,130.9,329.79,75.59,29.39
423,43.3182845,-3.0045665,131.2,331.31,75.49,29.39
426,43.3184662,-3.0046165,131.2,332.84,75.39,29.39
429,43.3186511,-3.0046659,130.8,334.36,75.31,29.39
432,43.3188389,-3.0047137,130.2,335.87,75.23,29.39
435,43.3190298,-3.0047590,129.6,337.35,75.15,29.39
438,43.3192236,-3.0048009,129.4,338.80,75.08,29.39
441,43.3194200,-3.0048384,129.6,340.21,75.01,29.39
444,43.3196189,-3.0048707,130.1,341.58,74.95,29.39
447,43.3198198,-3.0048969,130.6,342.88,74.89,29.39
450,43.3200225,-3.0049160,131.1,344.12,74.82,29.39
453,43.3202266,-3.0049274,131.9,345.28,74.76,29.39
456,43.3204316,-3.0049302,132.9,346.36,74.69,29.39
459,43.3206370,-3.0049237,134.2,347.34,74.63,29.39
462,43.3208426,-3.0049070,135.8,348.22,74.56,29.39
465,43.3210477,-3.0048794,138.1,348.99,74.48,29.39
468,43.3212520,-3.0048402,140.4,349.64,74.40,29.39
471,43.3214550,-3.0047887,142.5,350.17,74.31,29.39
474,43.3216565,-3.0047242,144.0,350.55,74.22,29.39
477,43.3218561,-3.0046459,145.4,350.78,74.11,29.39
480,43.3220535,-3.0045530,146.6,350.87,74.00,29.39
483,43.3222499,-3.0044492,147.6,350.83,73.88,29.39
486,43.3224464,-3.0043390,148.7,350.73,73.77,29.38
489,43.3226426,-3.0042227,149.8,350.56,73.65,29.37
492,43.3228386,-3.0041007,150.6,350.34,73.53,29.35
495,43.3230341,-3.0039734,151.1,350.06,73.41,29.33
498,43.3232290,-3.0038411,151.3,349.73,73.29,29.30
501,43.3234231,-3.0037042,151.8,349.34,73.17,29.27
504,43.3236163,-3.0035631,153.0,348.91,73.05,29.24
507,43.3238084,-3.0034181,154.5,348.44,72.93,29.20
510,43.3239994,-3.0032695,155.9,347.93,72.80,29.16
513,43.3241890,-3.0031178,157.2,347.38,72.67,29.11
516,43.3243771,-3.0029631,158.5,346.81,72.54,29.06
519,43.3245636,-3.0028059,159.6,346.20,72.40,29.01
522,43.3247483,-3.0026465,160.8,345.57,72.26,28.96
525,43.3249311,-3.0024851,162.3,344.91,72.12,28.90
528,43.3251118,-3.0023221,164.3,344.24,71.97,28.84
531,43.3252901,-3.0021578,166.7,343.56,71.82,28.78
534,43.3254659,-3.0019924,169.8,342.86,71.66,28.72
537,43.3256391,-3.0018263,172.7,342.15,71.49,28.65
540,43.3258093,-3.0016597,175.4,341.44,71.32,28.59
543,43.3259764,-3.0014928,178.0,340.73,71.14,28.52
546,43.3261400,-3.0013260,180.4,340.03,70.96,28.45
549,43.3263001,-3.0011596,182.6,339.33,70.77,28.38
552,43.3264561,-3.0009937,185.0,338.63,70.57,28.31
555,43.3266080,-3.0008286,187.8,337.96,70.36,28.24
558,43.3267553,-3.0006646,190.7,337.30,70.15,28.17
561,43.3268994,-3.0005010,193.8,336.65,69.92,28.10
564,43.3270589,-3.0003257,196.8,335.90,69.68,28.01
567,43.3272342,-3.0001382,199.8,335.04,69.42,27.90
570,43.3274189,-2.9999418,203.0,334.11,69.14,27.79
573,43.3276063,-2.9997398,206.4,333.12,68.85,27.67
576,43.3277897,-2.9995352,209.9,332.12,68.55,27.54
579,43.3279621,-2.9993308,213.9,331.13,68.23,27.41
582,43.3281165,-2.9991288,218.5,330.17,67.91,27.29
585,43.3282457,-2.9989314,223.9,329.28,67.59,27.17
588,43.3283419,-2.9987404,230.3,328.49,67.27,27.07
591,43.3283973,-2.9985576,237.8,327.82,66.94,26.98
594,43.3284034,-2.9983843,246.7,327.31,66.62,26.92
597,43.3283510,-2.9982223,257.0,326.98,66.31,26.87
600,43.3282300,-2.9980734,269.1,326.87,66.00,26.86
603,43.3280064,-2.9979409,283.5,326.89,65.69,26.87
606,43.3276565,-2.9978241,300.9,326.94,65.36,26.89
609,43.3271848,-2.9977184,321.9,327.04,65.01,26.93
612,43.3265949,-2.9976195,346.8,327.16,64.65,26.98
615,43.3258903,-2.9975224,375.8,327.32,64.28,27.05
618,43.3250741,-2.9974225,408.6,327.50,63.89,27.12
621,43.3241491,-2.9973150,446.0,327.71,63.50,27.21
624,43.3231182,-2.9971950,488.0,327.94,63.10,27.31
627,43.3219840,-2.9970581,533.6,328.19,62.70,27.41
630,43.3207497,-2.9969000,582.1,328.45,62.30,27.52
633,43.3194187,-2.9967168,639.5,328.73,61.89,27.64
636,43.3179950,-2.9965052,702.6,329.02,61.49,27.76
639,43.3164837,-2.9962627,772.6,329.31,61.09,27.89
642,43.3148910,-2.9959874,849.2,329.61,60.70,28.01
645,43.3132249,-2.9956787,930.2,329.92,60.32,28.14
648,43.3114951,-2.9953369,1013.4,330.22,59.95,28.27
651,43.3097141,-2.9949639,1102.3,330.52,59.59,28.40
654,43.3078966,-2.9945629,1199.0,330.81,59.24,28.52
657,43.3060607,-2.9941386,1300.9,331.10,58.91,28.64
660,43.3042278,-2.9936975,1408.3,331.37,58.60,28.76
663,43.3024225,-2.9932476,1515.3,331.63,58.31,28.87
666,43.3006729,-2.9927982,1620.7,331.87,58.05,28.97
669,43.2990105,-2.9923604,1723.3,332.09,57.81,29.07
672,43.2974693,-2.9919460,1820.7,332.29,57.60,29.15
675,43.2960856,-2.9915677,1908.5,332.47,57.41,29.22
678,43.2948969,-2.9912385,1984.9,332.61,57.26,29.29
681,43.2939406,-2.9909714,2047.8,332.73,57.14,29.34
684,43.2932527,-2.9907782,2093.3,332.81,57.06,29.37
687,43.2928663,-2.9906694,2119.0,332.86,57.01,29.39
690,43.2927904,-2.9906481,2124.1,332.87,57.00,29.39
693,43.2927904,-2.9906481,2124.1,332.87,57.00,29.39
696,43.2927904,-2.9906481,2124.1,332.87,57.00,29.39
699,43.2927904,-2.9906481,2124.1,332.87,57.00,29.39
702,43.2927904,-2.9906481,2124.1,332.87,57.00,29.39
705,43.2927904,-2.9906481,2124.1,332.87,57.00,29.39
708,43.2927904,-2.9906481,2124.1,332.87,57.00,29.39
711,43.2927904,-2.9906481,2124.1,332.87,57.00,29.39
714,43.2927904,-2.9906481,2124.1,332.87,57.00,29.39
717,43.2927904,-2.9906481,2124.1,332.87,57.00,29.39
720,43.2927904,-2.9906481,2124.1,332.87,57.00,29.39
723,43.2927904,-2.9906481,2124.1,332.87,57.00,29.39
726,43.2927904,-2.9906481,2124.1,332.87,57.00,29.39
729,43.2927904,-2.9906481,2124.1,332.87,57.00,29.39
732,43.2927904,-2.9906481,2124.1,332.87,57.00,29.39
735,43.2927904,-2.9906481,2124.1,332.87,57.00,29.39
738,43.2927904,-2.9906481,2124.1,332.87,57.00,29.39
741,43.2927904,-2.9906481,2124.1,332.87,57.00,29.39
744,43.2927904,-2.9906481,2124.1,332.87,57.00,29.39
747,43.2927904,-2.9906481,2124.1,332.87,57.00,29.39
750,43.2927904,-2.9906481,2124.1,332.87,57.00,29.39
753,43.2927904,-2.9906481,2124.1,332.87,57.00,29.39
756,43.2927904,-2.9906481,2124.1,332.87,57.00,29.39
759,43.2927904,-2.9906481,2124.1,332.87,57.00,29.39
762,43.2927904,-2.9906481,2124.1,332.87,57.00,29.39
765,43.2927904,-2.9906481,2124.1,332.87,57.00,29.39
768,43.2927904,-2.9906481,2124.1,332.87,57.00,29.39
771,43.2927904,-2.9906481,2124.1,332.87,57.00,29.39
774,43.2927904,-2.9906481,2124.1,332.87,57.00,29.39
777,43.2927904,-2.9906481,2124.1,332.87,57.00,29.39
779,43.2927904,-2.9906481,2124.1,332.87,57.00,29.39
